{
    "accuracy": 0.06829268292682927,
    "precision": 0.3684210526315789,
    "coverage": 0.18536585365853658,
    "n_total": 205,
    "n_correct": 14,
    "n_sure": 38
}